{"cameraMode":{"drawMode":0,"name":"Shaded","section":"Shading Mode"},"sceneLighting":false,"audioPlay":false,"sceneViewState":{"showFog":false,"showMaterialUpdate":false,"showSkybox":false,"showFlares":false,"showImageEffects":false,"showParticleSystems":false},"in2DMode":false,"pivot":{"x":-3.3030543327331545,"y":2.1078059673309328,"z":-3.777883291244507},"rotation":{"x":0.01065600011497736,"y":0.9644696712493897,"z":-0.2610255181789398,"w":0.03937314823269844},"size":3.2815215587615969,"orthographic":false}