{"cameraMode":{"drawMode":0,"name":"Shaded","section":"Shading Mode"},"sceneLighting":false,"audioPlay":false,"sceneViewState":{"showFog":false,"showMaterialUpdate":false,"showSkybox":false,"showFlares":false,"showImageEffects":false,"showParticleSystems":false},"in2DMode":false,"pivot":{"x":0.0,"y":0.2587333619594574,"z":0.22349247336387635},"rotation":{"x":0.44882500171661379,"y":0.06557264924049378,"z":-0.03304597735404968,"w":0.8905981779098511},"size":0.3607569634914398,"orthographic":false}