{"cameraMode":{"drawMode":0,"name":"Shaded","section":"Shading Mode"},"sceneLighting":false,"audioPlay":false,"sceneViewState":{"showFog":false,"showMaterialUpdate":false,"showSkybox":false,"showFlares":false,"showImageEffects":false,"showParticleSystems":false},"in2DMode":false,"pivot":{"x":0.022409141063690187,"y":0.19634999334812165,"z":0.02549225091934204},"rotation":{"x":0.13795772194862367,"y":0.7377052903175354,"z":-0.1586323380470276,"w":0.6415573954582214},"size":0.40293291211128237,"orthographic":false}