{"cameraMode":{"drawMode":0,"name":"Shaded","section":"Shading Mode"},"sceneLighting":false,"audioPlay":false,"sceneViewState":{"showFog":false,"showMaterialUpdate":false,"showSkybox":false,"showFlares":false,"showImageEffects":false,"showParticleSystems":false},"in2DMode":false,"pivot":{"x":2.699538230895996,"y":-1.5655182600021363,"z":-14.473495483398438},"rotation":{"x":-0.11633424460887909,"y":0.8720769882202148,"z":-0.251534104347229,"w":-0.4033345878124237},"size":8.558390617370606,"orthographic":false}