{"cameraMode":{"drawMode":0,"name":"Shaded","section":"Shading Mode"},"sceneLighting":false,"audioPlay":false,"sceneViewState":{"showFog":false,"showMaterialUpdate":false,"showSkybox":false,"showFlares":false,"showImageEffects":false,"showParticleSystems":false},"in2DMode":false,"pivot":{"x":55.89684295654297,"y":445.3333435058594,"z":36.62886047363281},"rotation":{"x":0.16487376391887666,"y":0.4037286341190338,"z":-0.07422209531068802,"w":0.8968343138694763},"size":119.56412506103516,"orthographic":false}