{"cameraMode":{"drawMode":0,"name":"Shaded","section":"Shading Mode"},"sceneLighting":false,"audioPlay":false,"sceneViewState":{"showFog":false,"showMaterialUpdate":false,"showSkybox":false,"showFlares":false,"showImageEffects":false,"showParticleSystems":false},"in2DMode":false,"pivot":{"x":-0.5600000023841858,"y":0.0949999988079071,"z":0.15000003576278687},"rotation":{"x":-0.11633424460887909,"y":0.8720769882202148,"z":-0.251534104347229,"w":-0.4033345878124237},"size":1.2470546960830689,"orthographic":false}