{"cameraMode":{"drawMode":0,"name":"Shaded","section":"Shading Mode"},"sceneLighting":false,"audioPlay":false,"sceneViewState":{"showFog":false,"showMaterialUpdate":false,"showSkybox":false,"showFlares":false,"showImageEffects":false,"showParticleSystems":false},"in2DMode":false,"pivot":{"x":35.178993225097659,"y":6.872249603271484,"z":8.340877532958985},"rotation":{"x":0.17662498354911805,"y":0.4818612039089203,"z":-0.09984198957681656,"w":0.852435290813446},"size":57.11371612548828,"orthographic":false}