{"cameraMode":{"drawMode":0,"name":"Shaded","section":"Shading Mode"},"sceneLighting":false,"audioPlay":false,"sceneViewState":{"showFog":false,"showMaterialUpdate":false,"showSkybox":false,"showFlares":false,"showImageEffects":false,"showParticleSystems":false},"in2DMode":false,"pivot":{"x":1.6498481035232545,"y":0.7054859399795532,"z":-15.444999694824219},"rotation":{"x":-0.11633424460887909,"y":0.8720769882202148,"z":-0.251534104347229,"w":-0.4033345878124237},"size":3.4855411052703859,"orthographic":false}